Timestamp,Test Name,Transport,Object Type,Transfer API,UCX-Py API,NumPy Version,CuPy Version,RMM Version,UCX-Py Version,UCX Version,UCX Revision,Bandwidth,Bandwidth (B/s),Bandwidth (GB/s)
2024-06-25T05:00:00,ucx-1.16,TCP SM,numpy,TAG,Core,1.26.4,13.2.0,24.08.00a18,0.39.0,1.16.0,e4bb802,3.31 GiB/s,3554085437.0,3.55
2024-06-25T05:00:00,ucx-1.16,TCP,numpy,TAG,Core,1.26.4,13.2.0,24.08.00a18,0.39.0,1.16.0,e4bb802,3.26 GiB/s,3500398346.0,3.5
2024-06-25T05:00:00,ucx-1.16,RC,numpy,TAG,Core,1.26.4,13.2.0,24.08.00a18,0.39.0,1.16.0,e4bb802,7.79 GiB/s,8364448808.0,8.36
2024-06-25T05:00:00,ucx-1.16,TCP SM,numpy,AM,Core,1.26.4,13.2.0,24.08.00a18,0.39.0,1.16.0,e4bb802,2.43 GiB/s,2609192632.0,2.61
2024-06-25T05:00:00,ucx-1.16,TCP,numpy,AM,Core,1.26.4,13.2.0,24.08.00a18,0.39.0,1.16.0,e4bb802,2.43 GiB/s,2609192632.0,2.61
2024-06-25T05:00:00,ucx-1.16,RC,numpy,AM,Core,1.26.4,13.2.0,24.08.00a18,0.39.0,1.16.0,e4bb802,2.09 GiB/s,2244120412.0,2.24
2024-06-25T05:00:00,ucx-1.16,TCP SM,cupy,TAG,Core,1.26.4,13.2.0,24.08.00a18,0.39.0,1.16.0,e4bb802,2.25 GiB/s,2415919104.0,2.42
2024-06-25T05:00:00,ucx-1.16,TCP,cupy,TAG,Core,1.26.4,13.2.0,24.08.00a18,0.39.0,1.16.0,e4bb802,2.24 GiB/s,2405181685.0,2.41
2024-06-25T05:00:00,ucx-1.16,CUDA_IPC_SELF,cupy,TAG,Core,1.26.4,13.2.0,24.08.00a18,0.39.0,1.16.0,e4bb802,347.05 GiB/s,372642100019.0,372.64
2024-06-25T05:00:00,ucx-1.16,CUDA_IPC_NV1,cupy,TAG,Core,1.26.4,13.2.0,24.08.00a18,0.39.0,1.16.0,e4bb802,22.57 GiB/s,24234352967.0,24.23
2024-06-25T05:00:00,ucx-1.16,CUDA_IPC_NV2,cupy,TAG,Core,1.26.4,13.2.0,24.08.00a18,0.39.0,1.16.0,e4bb802,45.09 GiB/s,48415018844.0,48.42
2024-06-25T05:00:00,ucx-1.16,RC,cupy,TAG,Core,1.26.4,13.2.0,24.08.00a18,0.39.0,1.16.0,e4bb802,10.57 GiB/s,11349451079.0,11.35
2024-06-25T05:00:00,ucx-1.16,TCP SM,cupy,AM,Core,1.26.4,13.2.0,24.08.00a18,0.39.0,1.16.0,e4bb802,2.25 GiB/s,2415919104.0,2.42
2024-06-25T05:00:00,ucx-1.16,TCP,cupy,AM,Core,1.26.4,13.2.0,24.08.00a18,0.39.0,1.16.0,e4bb802,2.26 GiB/s,2426656522.0,2.43
2024-06-25T05:00:00,ucx-1.16,CUDA_IPC_SELF,cupy,AM,Core,1.26.4,13.2.0,24.08.00a18,0.39.0,1.16.0,e4bb802,342.40 GiB/s,367649200537.0,367.65
2024-06-25T05:00:00,ucx-1.16,CUDA_IPC_NV1,cupy,AM,Core,1.26.4,13.2.0,24.08.00a18,0.39.0,1.16.0,e4bb802,22.55 GiB/s,24212878131.0,24.21
2024-06-25T05:00:00,ucx-1.16,CUDA_IPC_NV2,cupy,AM,Core,1.26.4,13.2.0,24.08.00a18,0.39.0,1.16.0,e4bb802,45.03 GiB/s,48350594334.0,48.35
2024-06-25T05:00:00,ucx-1.16,RC,cupy,AM,Core,1.26.4,13.2.0,24.08.00a18,0.39.0,1.16.0,e4bb802,10.50 GiB/s,11274289152.0,11.27
2024-06-25T05:00:00,ucx-1.16,TCP SM,numpy,TAG,Async,1.26.4,13.2.0,24.08.00a18,0.39.0,1.16.0,e4bb802,3.26 GiB/s,3500398346.0,3.5
2024-06-25T05:00:00,ucx-1.16,TCP,numpy,TAG,Async,1.26.4,13.2.0,24.08.00a18,0.39.0,1.16.0,e4bb802,3.24 GiB/s,3478923509.0,3.48
2024-06-25T05:00:00,ucx-1.16,RC,numpy,TAG,Async,1.26.4,13.2.0,24.08.00a18,0.39.0,1.16.0,e4bb802,7.65 GiB/s,8214124953.0,8.21
2024-06-25T05:00:00,ucx-1.16,TCP SM,numpy,AM,Async,1.26.4,13.2.0,24.08.00a18,0.39.0,1.16.0,e4bb802,2.40 GiB/s,2576980377.0,2.58
2024-06-25T05:00:00,ucx-1.16,TCP,numpy,AM,Async,1.26.4,13.2.0,24.08.00a18,0.39.0,1.16.0,e4bb802,2.40 GiB/s,2576980377.0,2.58
2024-06-25T05:00:00,ucx-1.16,RC,numpy,AM,Async,1.26.4,13.2.0,24.08.00a18,0.39.0,1.16.0,e4bb802,2.09 GiB/s,2244120412.0,2.24
2024-06-25T05:00:00,ucx-1.16,TCP SM,cupy,TAG,Async,1.26.4,13.2.0,24.08.00a18,0.39.0,1.16.0,e4bb802,2.22 GiB/s,2383706849.0,2.38
2024-06-25T05:00:00,ucx-1.16,TCP,cupy,TAG,Async,1.26.4,13.2.0,24.08.00a18,0.39.0,1.16.0,e4bb802,2.24 GiB/s,2405181685.0,2.41
2024-06-25T05:00:00,ucx-1.16,CUDA_IPC_SELF,cupy,TAG,Async,1.26.4,13.2.0,24.08.00a18,0.39.0,1.16.0,e4bb802,295.60 GiB/s,317398083174.0,317.4
2024-06-25T05:00:00,ucx-1.16,CUDA_IPC_NV1,cupy,TAG,Async,1.26.4,13.2.0,24.08.00a18,0.39.0,1.16.0,e4bb802,22.25 GiB/s,23890755584.0,23.89
2024-06-25T05:00:00,ucx-1.16,CUDA_IPC_NV2,cupy,TAG,Async,1.26.4,13.2.0,24.08.00a18,0.39.0,1.16.0,e4bb802,43.75 GiB/s,46976204800.0,46.98
2024-06-25T05:00:00,ucx-1.16,RC,cupy,TAG,Async,1.26.4,13.2.0,24.08.00a18,0.39.0,1.16.0,e4bb802,10.52 GiB/s,11295763988.0,11.3
2024-06-25T05:00:00,ucx-1.16,TCP SM,cupy,AM,Async,1.26.4,13.2.0,24.08.00a18,0.39.0,1.16.0,e4bb802,2.24 GiB/s,2405181685.0,2.41
2024-06-25T05:00:00,ucx-1.16,TCP,cupy,AM,Async,1.26.4,13.2.0,24.08.00a18,0.39.0,1.16.0,e4bb802,2.23 GiB/s,2394444267.0,2.39
2024-06-25T05:00:00,ucx-1.16,CUDA_IPC_SELF,cupy,AM,Async,1.26.4,13.2.0,24.08.00a18,0.39.0,1.16.0,e4bb802,289.45 GiB/s,310794570956.0,310.79
2024-06-25T05:00:00,ucx-1.16,CUDA_IPC_NV1,cupy,AM,Async,1.26.4,13.2.0,24.08.00a18,0.39.0,1.16.0,e4bb802,22.22 GiB/s,23858543329.0,23.86
2024-06-25T05:00:00,ucx-1.16,CUDA_IPC_NV2,cupy,AM,Async,1.26.4,13.2.0,24.08.00a18,0.39.0,1.16.0,e4bb802,43.55 GiB/s,46761456435.0,46.76
2024-06-25T05:00:00,ucx-1.16,RC,cupy,AM,Async,1.26.4,13.2.0,24.08.00a18,0.39.0,1.16.0,e4bb802,10.46 GiB/s,11231339479.0,11.23
